1544907397.062724,-207,-23,4345,28
1544907397.0628853,-208,-19,4345,28
1544907397.0630643,-202,-15,4343,28
1544907397.063216,-201,-8,4340,28
1544907397.0633652,-195,-2,4339,28
1544907398.2565038,interrupt,detection,(Arduino,external
1544907398.260257,ready!,Waiting,for,first
1544907398.2637908,-4867,5738,1736,0
1544907398.2765453,-4840,5691,4261,0
1544907398.292627,-4893,5651,5855,0
1544907398.308844,-4979,5621,6815,0
1544907398.3215287,-4922,5614,7336,0
1544907398.3378983,-5018,5597,7656,0
1544907398.3540683,-5025,5619,7788,0
1544907398.366471,-5085,5624,7733,0
1544907398.3828166,-5121,5659,7665,0
1544907398.3991628,-5121,5671,7663,0
1544907398.4116716,-4919,5672,7650,0
1544907398.4279914,-4599,5633,7654,0
1544907398.4440508,-4172,5564,7690,0
1544907398.456764,-3856,5457,7607,0
1544907398.4731777,-3773,5359,7433,0
1544907398.489072,-4014,5268,7270,0
1544907398.5011704,-4350,5165,7175,0
1544907398.5175917,-4589,5075,7043,0
1544907398.5337658,-4637,4981,6904,0
1544907398.5461917,-4536,4886,6820,0
1544907398.5625882,-4353,4792,6774,0
1544907398.5788374,-4171,4729,6723,0
1544907398.5913513,-4037,4666,6672,0
1544907398.6076977,-3949,4607,6596,0
1544907398.6238935,-3888,4549,6514,0
1544907398.6363115,-3873,4500,6444,0
1544907398.6527271,-3870,4447,6382,0
1544907398.6693008,-3853,4400,6311,0
1544907398.685505,-3824,4345,6216,0
1544907398.6982327,-3783,4300,6148,0
1544907398.714183,-3722,4254,6085,0
1544907398.730468,-3631,4213,6032,0
1544907398.7435527,-3523,4149,6024,0
1544907398.7597387,-3417,4094,6012,0
1544907398.7755842,-3377,4032,5930,0
1544907398.7885027,-3385,3979,5812,0
1544907398.8045971,-3413,3907,5757,0
1544907398.8205538,-3412,3831,5665,0
1544907398.8335063,-3408,3747,5553,0
1544907398.8498156,-3374,3659,5549,0
1544907398.8655126,-3327,3553,5577,0
1544907398.8786654,-3248,3454,5532,0
1544907398.8948257,-3185,3364,5426,0
1544907398.9106894,-3165,3236,5334,0
1544907398.9235597,-3151,3065,5317,0
1544907398.9398746,-3130,2941,5327,0
1544907398.95579,-3067,2848,5267,0
1544907398.9687157,-2984,2775,5216,0
1544907398.9848359,-2922,2704,5239,0
1544907399.0007493,-2836,2663,5252,0
1544907399.014089,-2730,2638,5220,0
1544907399.0299637,-2670,2611,5171,0
1544907399.0459874,-2697,2601,5069,0
1544907399.0590215,-2726,2564,5009,0
1544907399.0750027,-2746,2503,5024,0
1544907399.091034,-2738,2441,5016,0
1544907399.1039574,-2692,2390,4997,0
1544907399.1202438,-2618,2345,4981,0
1544907399.135969,-2538,2311,4942,0
1544907399.1489723,-2467,2271,4895,0
1544907399.1651146,-2419,2229,4878,0
1544907399.1811128,-2381,2193,4861,0
1544907399.1938992,-2355,2172,4835,0
1544907399.2101662,-2334,2144,4837,0
1544907399.226152,-2315,2117,4805,0
1544907399.2391875,-2303,2089,4766,0
1544907399.2554243,-2289,2054,4741,0
1544907399.271401,-2263,2016,4728,0
1544907399.2841475,-2225,1975,4718,0
1544907399.3004546,-2183,1935,4691,0
1544907399.3164687,-2151,1889,4668,0
1544907399.3293269,-2123,1843,4640,0
1544907399.3453035,-2091,1793,4644,0
1544907399.3613224,-2040,1740,4642,0
1544907399.3743327,-1970,1690,4625,0
1544907399.3906271,-1882,1637,4612,0
1544907399.4065602,-1821,1578,4621,0
1544907399.4193425,-1794,1511,4612,0
1544907399.4355164,-1746,1437,4595,0
1544907399.4515083,-1636,1326,4691,0
1544907399.4646163,-1564,1232,4618,0
1544907399.4807634,-1593,1170,4543,0
1544907399.4964714,-1807,1129,4472,0
1544907399.5095952,-2035,1123,4452,0
1544907399.525791,-2182,1112,4454,0
1544907399.541765,-2139,1133,4445,0
1544907399.5545716,-1951,1188,4416,0
1544907399.5707648,-1653,1244,4429,0
1544907399.5867488,-1379,1259,4512,0
1544907399.5998147,-1209,1267,4608,0
1544907399.6159427,-1124,1259,4600,0
1544907399.631862,-1122,1282,4534,0
1544907399.6447155,-1237,1293,4491,0
1544907399.6609302,-1437,1312,4476,0
1544907399.6769495,-1556,1321,4419,0
1544907399.6898153,-1660,1306,4403,0
1544907399.705926,-1633,1307,4457,0
1544907399.7219799,-1497,1288,4495,0
1544907399.7349842,-1361,1273,4481,0
1544907399.751179,-1255,1264,4375,0
1544907399.7668498,-1304,1242,4325,0
1544907399.7799044,-1353,1228,4383,0
1544907399.7961771,-1317,1208,4444,0
1544907399.8121755,-1246,1209,4407,0
1544907399.825079,-1170,1173,4388,0
1544907399.8410149,-1099,1141,4460,0
1544907399.856983,-956,1097,4492,0
1544907399.869912,-794,1060,4423,0
1544907399.8862538,-644,1039,4427,0
1544907399.9020073,-691,957,4526,0
1544907399.9149828,-813,916,4470,0
1544907399.9313312,-1070,869,4394,0
1544907399.9471326,-1432,822,4336,0
1544907399.9598622,-1756,797,4233,0
1544907399.9761515,-1910,772,4116,0
1544907399.9923744,-1755,730,4145,0
1544907400.005228,-1495,672,4217,0
1544907400.0213084,-1144,611,4335,0
1544907400.037329,-795,575,4408,0
1544907400.0502942,-483,543,4457,0
1544907400.066574,-322,505,4564,0
1544907400.0824184,-349,496,4548,0
1544907400.0953753,-519,472,4467,0
1544907400.111491,-793,458,4386,0
1544907400.1273677,-1069,453,4293,0
1544907400.1403222,-1276,448,4244,0
1544907400.156663,-1360,443,4246,0
1544907400.1726058,-1290,440,4266,0
1544907400.1853185,-1125,447,4282,0
1544907400.201525,-934,463,4294,0
1544907400.2175264,-766,473,4332,0
1544907400.230374,-673,468,4364,0
1544907400.2466652,-672,445,4378,0
1544907400.262571,-718,409,4382,0
1544907400.2755697,-729,363,4404,0
1544907400.291871,-681,319,4376,0
1544907400.307774,-636,281,4341,0
1544907400.3204083,-678,245,4325,0
1544907400.3368278,-824,214,4327,0
1544907400.3526742,-987,195,4308,0
1544907400.3656056,-1075,170,4275,0
1544907400.3819036,-1037,154,4254,0
1544907400.3978093,-907,139,4270,0
1544907400.410645,-734,117,4317,0
1544907400.4271572,-573,105,4368,0
1544907400.4430683,-490,92,4397,0
1544907400.4557824,-503,92,4395,0
1544907400.472073,-583,92,4360,0
1544907400.4880059,-692,90,4319,0
1544907400.500988,-787,87,4299,0
1544907400.5171618,-831,77,4298,0
1544907400.532878,-813,68,4310,0
1544907400.5457695,-764,62,4314,0
1544907400.5621593,-712,54,4324,0
1544907400.5781553,-671,49,4324,0
1544907400.5908868,-632,35,4323,0
1544907400.6070926,-601,22,4337,0
1544907400.6231267,-580,11,4347,0
1544907400.6359298,-573,6,4346,0
1544907400.6522846,-579,-1,4344,0
1544907400.6681912,-610,-5,4331,0
1544907400.6810446,-657,-18,4323,0
1544907400.6972725,-689,-36,4315,0
1544907400.7133183,-691,-49,4316,0
1544907400.726137,-662,-69,4325,0
1544907400.742354,-617,-87,4331,0
1544907400.7583373,-571,-100,4336,0
1544907400.7712338,-535,-107,4335,0
1544907400.787573,-524,-115,4332,0
1544907400.8033292,-532,-124,4332,0
1544907400.8164504,-550,-138,4330,0
1544907400.832514,-565,-155,4330,0
1544907400.848623,-576,-165,4327,0
1544907400.8613892,-585,-165,4319,0
1544907400.8776665,-587,-174,4317,0
1544907400.8934982,-578,-181,4314,0
1544907400.906519,-561,-188,4316,0
1544907400.9229474,-535,-189,4318,0
1544907400.9385905,-515,-189,4319,0
1544907400.9514732,-504,-197,4329,0
1544907400.9677157,-502,-204,4330,0
1544907400.9836981,-505,-208,4330,0
1544907400.9966092,-516,-220,4335,0
1544907401.0129223,-528,-222,4332,0
1544907401.0286398,-533,-228,4336,0
1544907401.0415404,-529,-236,4339,0
1544907401.0579593,-513,-247,4338,0
1544907401.0738876,-502,-253,4338,0
1544907401.0867672,-489,-265,4336,0
1544907401.1029215,-480,-269,4342,0
1544907401.1188743,-480,-278,4346,0
1544907401.1317177,-475,-283,4343,0
1544907401.1481266,-477,-289,4331,0
1544907401.1636755,-481,-291,4327,0
1544907401.176423,-483,-298,4329,0
1544907401.1928189,-480,-304,4321,0
1544907401.2087386,-478,-309,4327,0
1544907401.221373,-470,-315,4333,0
1544907401.2379942,-462,-319,4332,0
1544907401.2540603,-455,-326,4338,0
1544907401.2670522,-444,-337,4342,0
1544907401.2833767,-443,-334,4338,0
1544907401.2992787,-444,-341,4332,0
1544907401.3120213,-447,-344,4330,0
1544907401.3283193,-443,-345,4338,0
1544907401.34429,-441,-353,4327,0
1544907401.3570778,-438,-357,4332,0
1544907401.3733077,-434,-359,4335,0
1544907401.3892293,-428,-360,4329,0
1544907401.4020183,-434,-369,4326,0
1544907401.418542,-428,-372,4323,0
1544907401.4344156,-425,-381,4328,0
1544907401.4470527,-422,-391,4328,0
1544907401.4634898,-419,-385,4324,0
1544907401.4795136,-417,-393,4329,0
1544907401.4922597,-415,-393,4336,0
1544907401.50868,-419,-399,4334,0
1544907401.5244565,-413,-402,4334,0
1544907401.537264,-412,-406,4331,0
1544907401.553748,-406,-414,4332,0
1544907401.5695217,-398,-419,4325,0
1544907401.5823357,-393,-419,4325,0
1544907401.5986435,-392,-426,4331,0
1544907401.6146948,-390,-427,4336,0
1544907401.627328,-389,-425,4337,0
1544907401.643871,-387,-429,4336,0
1544907401.6598215,-383,-435,4334,0
1544907401.6723902,-381,-434,4328,0
1544907401.688875,-376,-437,4328,0
1544907401.7048435,-379,-440,4342,0
1544907401.7176116,-377,-442,4343,0
1544907401.7338667,-376,-446,4347,0
1544907401.7498226,-379,-447,4350,0
1544907401.762683,-374,-450,4343,0
1544907401.7791078,-384,-455,4335,0
1544907401.7947824,-380,-457,4336,0
1544907401.807678,-376,-461,4339,0
1544907401.823983,-371,-464,4340,0
1544907401.840062,-363,-465,4344,0
1544907401.8527298,-363,-463,4335,0
1544907401.869215,-365,-470,4336,0
1544907401.8850327,-363,-473,4332,0
1544907401.8978071,-366,-477,4327,0
1544907401.9142432,-368,-477,4330,0
1544907401.930059,-363,-481,4331,0
1544907401.9429176,-362,-479,4333,0
1544907401.9592917,-359,-482,4335,0
1544907401.975327,-360,-486,4335,0
1544907401.987989,-353,-489,4338,0
1544907402.004333,-353,-491,4338,0
1544907402.0201535,-352,-487,4333,0
1544907402.033076,-351,-490,4329,0
1544907402.049412,-352,-498,4336,0
1544907402.065347,-354,-499,4335,0
1544907402.078,-353,-498,4337,0
1544907402.0942833,-353,-501,4342,0
1544907402.110264,-352,-505,4344,0
1544907402.1232338,-350,-513,4343,0
1544907402.1396022,-342,-520,4341,0
1544907402.1553872,-339,-513,4341,0
1544907402.1681252,-340,-515,4347,0
1544907402.18463,-340,-513,4343,0
1544907402.200441,-336,-515,4343,0
1544907402.213156,-331,-515,4338,0
1544907402.2295613,-329,-520,4343,0
1544907402.2457137,-331,-523,4344,0
1544907402.2584138,-335,-524,4349,0
1544907402.274803,-335,-522,4345,0
1544907402.2906718,-335,-527,4350,0
1544907402.3032665,-329,-526,4346,0
1544907402.3198187,-334,-534,4340,0
1544907402.335777,-331,-532,4341,0
1544907402.3485808,-329,-532,4337,0
1544907402.3649628,-327,-530,4339,0
1544907402.3808115,-322,-529,4347,0
1544907402.3935833,-323,-531,4343,0
1544907402.4100783,-323,-528,4350,0
1544907402.4257207,-325,-536,4343,0
1544907402.4385061,-321,-538,4344,0
1544907402.4549572,-323,-540,4347,0
1544907402.4710412,-320,-543,4357,0
1544907402.4837737,-320,-544,4353,0
1544907402.5001268,-318,-542,4350,0
1544907402.515749,-322,-540,4345,0
1544907402.5287948,-322,-540,4350,0
1544907402.5452373,-320,-541,4351,0
1544907402.5611756,-316,-545,4347,0
1544907402.5739627,-315,-542,4350,0
1544907402.590234,-317,-546,4354,0
1544907402.6061826,-316,-549,4349,0
1544907402.6187284,-319,-548,4348,0
1544907402.6351252,-318,-550,4346,0
1544907402.6510124,-317,-547,4344,0
1544907402.6639833,-317,-547,4337,0
1544907402.6803727,-316,-550,4338,0
1544907402.696374,-314,-544,4339,0
1544907402.7089608,-311,-546,4336,0
1544907402.7253532,-308,-549,4336,0
1544907402.7413342,-306,-550,4341,0
1544907402.7540035,-307,-551,4338,0
1544907402.7704313,-307,-550,4333,0
1544907402.786289,-304,-550,4338,0
1544907402.7991023,-305,-556,4342,0
1544907402.8155415,-302,-554,4335,0
1544907402.831475,-304,-558,4338,0
1544907402.8441648,-303,-563,4346,0
1544907402.8604116,-307,-563,4347,0
1544907402.876626,-306,-562,4346,0
1544907402.8892663,-303,-566,4354,0
1544907402.9055953,-302,-570,4349,0
1544907402.9216316,-303,-566,4344,0
1544907402.934107,-304,-567,4344,0
1544907402.9506912,-296,-569,4347,0
1544907402.9667647,-295,-570,4347,0
1544907402.979348,-296,-572,4337,0
1544907402.995866,-297,-568,4341,0
1544907403.0117226,-302,-569,4343,0
1544907403.024757,-301,-569,4341,0
1544907403.0406902,-307,-573,4347,0
1544907403.0567124,-305,-573,4350,0
1544907403.069343,-306,-570,4344,0
1544907403.0856164,-304,-568,4350,0
1544907403.1018147,-299,-566,4355,0
1544907403.11431,-298,-570,4346,0
1544907403.1308308,-297,-570,4343,0
1544907403.1470318,-300,-575,4339,0
1544907403.159407,-294,-571,4335,0
1544907403.17579,-295,-570,4333,0
1544907403.1919703,-298,-569,4344,0
1544907403.2046125,-297,-573,4344,0
1544907403.2210326,-296,-578,4352,0
1544907403.23699,-296,-575,4351,0
1544907403.249713,-297,-578,4360,0
1544907403.26597,-298,-579,4365,0
1544907403.282014,-292,-581,4359,0
1544907403.2946482,-290,-576,4358,0
1544907403.3109336,-289,-580,4353,0
1544907403.327083,-287,-580,4350,0
1544907403.3398852,-288,-582,4348,0
1544907403.3562603,-292,-583,4349,0
1544907403.3722382,-288,-589,4349,0
1544907403.3850143,-292,-591,4341,0
1544907403.4013495,-292,-595,4338,0
1544907403.4170687,-294,-587,4349,0
1544907403.4300616,-295,-588,4355,0
1544907403.446458,-292,-579,4357,0
1544907403.4623425,-286,-578,4352,0
1544907403.4748425,-290,-582,4349,0
1544907403.4913301,-294,-581,4350,0
1544907403.5073943,-288,-580,4354,0
1544907403.5200875,-287,-575,4350,0
1544907403.5364785,-280,-572,4359,0
1544907403.552379,-284,-572,4360,0
1544907403.565103,-281,-566,4359,0
1544907403.5815449,-284,-570,4351,0
1544907403.5976388,-285,-571,4340,0
1544907403.610272,-274,-582,4341,0
1544907403.626514,-277,-578,4347,0
1544907403.642685,-285,-572,4347,0
1544907403.655248,-281,-555,4350,0
1544907403.67167,-285,-548,4342,0
1544907403.6875765,-299,-533,4333,0
1544907403.7003076,-309,-519,4325,0
1544907403.7167678,-304,-520,4349,0
1544907403.7327998,-284,-548,4387,0
1544907403.7455058,-264,-578,4391,0
1544907403.7617323,-255,-599,4366,0
1544907403.7778275,-262,-614,4345,0
1544907403.7904902,-288,-627,4328,0
1544907403.806915,-305,-642,4338,0
1544907403.8227718,-314,-659,4339,0
1544907403.8353508,-305,-668,4346,0
1544907403.8518152,-295,-667,4341,0
1544907403.8680713,-284,-663,4332,0
1544907403.880724,-283,-656,4339,0
1544907403.8968935,-291,-650,4346,0
1544907403.9128413,-287,-636,4350,0
1544907403.9257145,-277,-616,4356,0
1544907403.942111,-265,-598,4341,0
1544907403.9581785,-272,-581,4341,0
1544907403.9705799,-292,-570,4352,0
1544907403.9870946,-303,-559,4351,0
1544907404.003227,-296,-557,4356,0
1544907404.0160136,-294,-561,4360,0
1544907404.0320487,-284,-560,4350,0
1544907404.0481403,-273,-560,4348,0
1544907404.0607998,-286,-568,4354,0
1544907404.077263,-288,-578,4356,0
1544907404.0931609,-278,-581,4347,0
1544907404.1057293,-268,-585,4348,0
1544907404.122093,-269,-588,4347,0
1544907404.1378524,-298,-582,4340,0
1544907404.1503274,-322,-581,4350,0
1544907404.1668196,-326,-570,4350,0
1544907404.1832745,-314,-562,4347,0
1544907404.1954312,-303,-549,4345,0
1544907404.2117982,-294,-538,4339,0
1544907404.2284021,-295,-529,4342,0
1544907404.240848,-273,-522,4355,0
1544907404.2569213,-249,-522,4355,0
1544907404.2735739,-224,-519,4341,0
1544907404.2860794,-223,-525,4348,0
1544907404.3024688,-248,-533,4354,0
1544907404.3184223,-271,-544,4348,0
1544907404.3310966,-285,-554,4348,0
1544907404.3476722,-291,-562,4340,0
1544907404.3638,-304,-552,4322,0
1544907404.376405,-304,-558,4331,0
1544907404.392676,-289,-560,4341,0
1544907404.408842,-270,-560,4346,0
1544907404.4212916,-265,-557,4353,0
1544907404.4377208,-278,-559,4352,0
1544907404.4539206,-293,-552,4343,0
1544907404.4661903,-298,-540,4323,0
1544907404.482827,-293,-527,4320,0
1544907404.4989753,-289,-514,4328,0
1544907404.5115764,-282,-493,4341,0
1544907404.527796,-273,-467,4357,0
1544907404.5439217,-273,-444,4350,0
1544907404.5566137,-280,-420,4346,0
1544907404.5730045,-279,-395,4351,0
1544907404.5890596,-268,-377,4358,0
1544907404.6015768,-253,-360,4366,0
1544907404.6180313,-256,-340,4360,0
1544907404.6341052,-282,-321,4355,0
1544907404.64671,-286,-297,4369,0
1544907404.6628652,-276,-282,4373,0
1544907404.679094,-250,-275,4382,0
1544907404.6917045,-216,-269,4388,0
1544907404.7081764,-199,-255,4376,0
1544907404.724214,-209,-251,4370,0
1544907404.7366755,-245,-239,4356,0
1544907404.7529302,-306,-229,4339,0
1544907404.769277,-344,-220,4349,0
1544907404.7818806,-368,-204,4372,0
1544907404.7983515,-356,-198,4401,0
1544907404.814211,-320,-189,4413,0
1544907404.82695,-282,-176,4408,0
1544907404.843406,-256,-160,4398,0
1544907404.8592796,-237,-138,4378,0
1544907404.8719635,-223,-120,4376,0
1544907404.8882291,-216,-107,4366,0
1544907404.904483,-202,-100,4327,0
1544907404.9170296,-195,-85,4297,0
1544907404.9335022,-201,-82,4255,0
1544907404.9495654,-227,-70,4243,0
1544907404.9619098,-287,-55,4284,0
1544907404.9784975,-340,-71,4400,0
1544907404.9946141,-353,-76,4407,0
1544907405.007189,-340,-80,4343,0
1544907405.023397,-348,-80,4376,0
1544907405.039755,-328,-63,4368,0
1544907405.0520394,-313,-32,4343,0
1544907405.0686636,-286,-21,4365,0
1544907405.0845807,-324,-15,4453,0
1544907405.0970883,-332,-24,4443,0
1544907405.113454,-316,-7,4339,0
1544907405.1295803,-297,0,4361,0
1544907405.1417854,-293,16,4389,0
1544907405.1580548,-225,17,4412,0
1544907405.1746109,-143,28,4414,0
1544907405.1873646,-176,34,4364,0
1544907405.203584,-230,12,4307,0
1544907405.2199013,-319,58,4225,0
1544907405.2324219,-347,107,4202,0
1544907405.2487984,-263,154,4273,1
1544907405.2650056,-88,220,4201,1
1544907405.2775476,-49,263,4249,1
1544907405.2939515,-203,324,4455,1
1544907405.310009,-286,390,4498,1
1544907405.3225272,-322,451,4370,1
1544907405.3390136,-379,512,4406,1
1544907405.354989,-371,503,4506,1
1544907405.36745,-309,505,4505,1
1544907405.383838,-237,493,4513,1
1544907405.400252,-193,501,4413,1
1544907405.4127157,-194,537,4271,1
1544907405.4290934,-258,559,4324,1
1544907405.4451795,-305,542,4509,1
1544907405.4576547,-277,575,4397,1
1544907405.4741302,-184,565,3912,1
1544907405.4903934,-243,516,3976,1
1544907405.5031319,-398,419,4593,1
1544907405.5190623,-535,367,5134,1
1544907405.5352511,-427,271,4699,1
1544907405.547966,-114,170,4022,1
1544907405.5643017,-1,125,4052,1
1544907405.580397,20,-10,4198,1
1544907405.5965977,-137,-105,4651,1
1544907405.6094162,-285,-133,4649,1
1544907405.625561,-354,-251,4442,1
1544907405.6412032,-350,-336,4575,1
1544907405.6542265,-362,-439,4636,1
1544907405.6704147,-310,-501,4465,1
1544907405.6866038,-260,-530,4099,1
1544907405.6995506,-243,-606,4430,1
1544907405.7154834,-232,-599,4749,1
1544907405.7314968,-112,-603,3857,1
1544907405.744427,-37,-425,3517,1
1544907405.760609,-107,-427,4084,1
1544907405.7766638,-327,-513,4619,1
1544907405.7895617,-583,-364,4938,1
1544907405.8057992,-511,-281,4427,1
1544907405.821739,-390,-272,4086,1
1544907405.8345604,-398,-212,4202,1
1544907405.8507404,-367,-337,4702,1
1544907405.8665793,-255,-398,4971,1
1544907405.8797786,-163,-356,4912,1
1544907405.8958907,16,-280,4759,1
1544907405.908383,76,-289,4398,1
1544907405.9249527,-270,-130,4245,1
1544907405.940976,-462,-185,3908,1
1544907405.956993,-533,-201,4221,1
1544907405.9698215,-306,-228,4246,2
1544907405.9859953,50,-288,4284,2
1544907406.0018477,139,-358,4912,2
1544907406.0152683,-81,-361,4984,2
1544907406.0310926,-299,-325,4442,2
1544907406.0471056,-301,-271,4040,2
1544907406.0599918,-267,-296,3821,2
1544907406.0760162,-484,-221,3871,2
1544907406.092143,-573,-213,4017,2
1544907406.1050475,-589,-185,4616,2
1544907406.1212559,-427,-226,4741,2
1544907406.1369827,-267,-257,4697,2
1544907406.1500096,-156,-212,4580,2
1544907406.1660578,-39,-71,4336,2
1544907406.1821456,-34,-127,3999,2
1544907406.195037,-229,-160,4521,2
1544907406.2112708,-463,-120,5153,2
1544907406.2272704,-469,-169,4647,2
1544907406.2402668,-343,-169,4186,2
1544907406.2565053,-88,-195,4142,2
1544907406.2721853,153,-103,4042,2
1544907406.2851362,207,-169,4024,2
1544907406.301648,-169,-101,4368,2
1544907406.3174515,-652,-84,4484,2
1544907406.330445,-1024,-91,4287,2
1544907406.3464499,-824,-253,4046,2
1544907406.3623738,-649,-278,4882,2
1544907406.3754277,-75,-334,5018,2
1544907406.3916082,273,-408,4961,2
1544907406.407514,428,-421,4713,2
1544907406.4202642,65,-459,3920,2
1544907406.4365396,-173,-499,3396,3
1544907406.452596,-292,-565,4103,3
1544907406.4655657,-427,-662,4718,3
1544907406.481755,-491,-719,4887,3
1544907406.4975538,-435,-563,4497,3
1544907406.510646,-450,-520,4004,3
1544907406.5269027,-456,-554,4146,3
1544907406.5428033,-494,-521,4541,3
1544907406.5555542,-373,-510,4115,3
1544907406.5717783,-278,-526,4011,3
1544907406.5879023,-490,-505,4906,3
1544907406.6005952,-25,-680,4711,3
1544907406.6170485,117,-620,4647,3
1544907406.6330135,-371,-584,5312,3
1544907406.6457565,-430,-684,4886,3
1544907406.6620846,-234,-512,3528,3
1544907406.6780472,-164,-305,3762,3
1544907406.6908698,64,-488,4008,3
1544907406.7069533,-42,-538,4490,3
1544907406.7231507,-119,-503,4143,3
1544907406.7358506,-276,-593,3983,3
1544907406.7521832,-709,-652,5475,3
1544907406.7679694,-810,-568,5441,3
1544907406.7808292,-259,-487,4002,3
1544907406.7971478,60,-289,3863,3
1544907406.813227,316,-393,3083,4
1544907406.8259833,69,-335,4230,4
1544907406.8423278,-261,-317,5052,4
1544907406.8581917,-330,-349,4661,4
1544907406.8710463,-147,-332,4324,4
1544907406.8872426,-349,-283,3629,4
1544907406.9032035,-580,-222,3979,4
1544907406.9160116,-678,-284,4862,4
1544907406.9324574,-631,-373,4614,4
1544907406.9484127,-473,-278,4492,4
1544907406.9613292,-298,-389,4978,4
1544907406.9773266,-110,-532,5427,4
1544907406.993223,-77,-544,5471,4
1544907407.0062702,-78,-505,3769,4
1544907407.022424,29,-317,3049,4
1544907407.0383031,20,-466,3532,4
1544907407.0512083,-417,-517,4679,4
1544907407.0675397,-777,-517,4368,4
1544907407.0834892,-776,-723,3285,4
1544907407.096551,-911,-704,4843,4
1544907407.1125512,-696,-887,5615,4
1544907407.1284454,-434,-729,5170,4
1544907407.1413865,169,-787,3628,4
1544907407.1575496,351,-691,3152,5
1544907407.1735184,184,-797,3919,5
1544907407.1864066,-140,-744,4380,5
1544907407.2026677,-278,-756,4138,5
1544907407.2187068,-108,-712,3988,5
1544907407.2316256,-389,-772,4700,5
1544907407.2479162,-669,-788,5083,5
1544907407.26364,-693,-752,4599,5
1544907407.276586,-299,-788,3287,5
1544907407.293054,-142,-642,4444,5
1544907407.308886,-406,-866,5236,5
1544907407.3217046,-506,-791,4777,5
1544907407.3378663,-12,-776,3148,5
1544907407.3538508,108,-782,3486,5
1544907407.3668718,-230,-766,4895,5
1544907407.383142,-199,-798,5246,5
1544907407.3990054,-227,-710,4022,5
1544907407.4117022,-268,-587,3269,5
1544907407.4281607,-558,-622,4536,5
1544907407.4440758,-591,-520,5037,5
1544907407.4569564,-358,-376,4231,5
1544907407.473394,248,-335,3162,5
1544907407.489134,120,-327,3645,6
1544907407.5019372,-105,-413,4309,6
1544907407.5182602,-407,-417,4945,6
1544907407.5341082,-348,-267,4164,6
1544907407.5469346,-101,-312,3178,6
1544907407.5634444,-217,-197,4165,6
1544907407.5793078,-493,-174,4743,6
1544907407.5920823,-684,-103,4604,6
1544907407.608365,-601,-80,4182,6
1544907407.6242442,-881,-225,4778,6
1544907407.6371312,-862,-223,5260,6
1544907407.653495,-184,-112,4412,6
1544907407.669393,470,-293,4139,6
1544907407.6821506,470,-240,4793,6
1544907407.698588,25,-295,5055,6
1544907407.714473,-408,-269,4303,6
1544907407.7273166,-603,-208,3804,6
1544907407.7434494,-952,-273,4251,6
1544907407.7594316,-763,-250,4761,6
1544907407.7722118,0,-348,4535,7
1544907407.788684,356,-491,4054,7
1544907407.804631,155,-426,4220,7
1544907407.8171132,143,-570,4102,7
1544907407.8336203,-140,-555,4490,7
1544907407.8497553,-565,-586,3984,7
1544907407.8624275,-736,-521,3435,7
1544907407.87896,-858,-428,3940,7
1544907407.8945482,-723,-554,4705,7
1544907407.9074445,-452,-533,5421,7
1544907407.9238293,86,-547,4717,7
1544907407.939853,331,-343,4382,7
1544907407.9524524,584,-656,4166,7
1544907407.9688191,302,-615,4554,7
1544907407.984794,-272,-645,4590,7
1544907407.9978118,-728,-624,4485,7
1544907408.0141857,-1087,-556,4419,7
1544907408.0298767,-1014,-555,4623,7
1544907408.0425134,-352,-480,4246,7
1544907408.059158,264,-544,3662,8
1544907408.0750551,394,-527,3634,8
1544907408.0877242,37,-543,4961,8
1544907408.1041582,-107,-651,5305,8
1544907408.1199577,-353,-535,5014,8
1544907408.132944,-371,-671,3821,8
1544907408.149306,-762,-562,4224,8
1544907408.165058,-672,-552,4069,8
1544907408.177746,-513,-596,4327,8
1544907408.1941218,-279,-439,4489,8
1544907408.210189,72,-459,3918,8
1544907408.222929,416,-448,3879,8
1544907408.2392683,24,-434,4694,8
1544907408.2550938,-315,-548,5029,8
1544907408.2682323,-645,-628,4592,8
1544907408.2845361,-782,-418,4013,8
1544907408.3004405,-428,-516,2983,8
1544907408.3132086,-242,-574,3986,8
1544907408.329532,-464,-454,5102,9
1544907408.345465,-289,-552,3927,9
1544907408.3581598,170,-499,3492,9
1544907408.3743122,48,-487,4503,9
1544907408.3903391,-223,-637,5006,9
1544907408.4031906,-278,-628,4183,9
1544907408.4195113,-659,-494,4482,9
1544907408.435472,-846,-638,4883,9
1544907408.4482055,-449,-831,3819,9
1544907408.464444,-89,-549,3988,9
1544907408.4805357,616,-859,3679,9
1544907408.4932115,412,-845,5269,9
1544907408.5096016,71,-904,5614,9
1544907408.5255044,-290,-776,3804,9
1544907408.538319,-993,-547,3476,9
1544907408.554792,-1069,-786,4126,9
1544907408.5707426,-1011,-672,5140,9
1544907408.5833712,-534,-545,4343,10
1544907408.5997548,82,-594,3402,10
1544907408.6158547,247,-450,4061,10
1544907408.628455,317,-363,4817,10
1544907408.6449862,312,-325,4052,10
1544907408.6603556,52,-80,3105,10
1544907408.672908,-468,13,4143,10
1544907408.6897943,-828,-290,5443,10
1544907408.705941,-782,-99,5482,10
1544907408.7185826,100,-318,3755,10
1544907408.7350442,426,-428,3909,10
1544907408.7511544,185,-691,5174,10
1544907408.7638707,-324,-827,5776,10
1544907408.7802742,-638,-822,5158,10
1544907408.79593,-686,-944,4017,10
1544907408.808692,-456,-986,3878,10
1544907408.8252375,-404,-1041,3181,11
1544907408.8412244,-82,-1114,2504,11
1544907408.8539474,-113,-1215,2938,11
1544907408.8702304,74,-1357,4440,11
1544907408.8862033,486,-1548,4791,11
1544907408.8989577,624,-1597,4632,11
1544907408.9153993,328,-1630,4173,11
1544907408.9314156,-242,-1700,4673,11
1544907408.943935,-939,-1591,4831,11
1544907408.96042,-1237,-1443,4960,11
1544907408.9764538,-964,-1421,4446,11
1544907408.9890854,-655,-1222,4487,11
1544907409.0053408,-280,-1199,4764,11
1544907409.021068,95,-1209,3975,11
1544907409.0335195,154,-1067,2854,11
1544907409.050485,241,-1051,2265,11
1544907409.0665395,-17,-980,4359,11
1544907409.0791652,-141,-1399,5789,11
1544907409.0955386,-364,-1221,5545,12
1544907409.1115568,-648,-1083,4777,12
1544907409.1240625,-569,-1149,4517,12
1544907409.1406863,-595,-1140,4251,12
1544907409.1564312,-982,-1019,4528,12
1544907409.1692517,-1639,-1115,5235,12
1544907409.1855264,-1890,-1353,5773,12
1544907409.2017593,-1525,-1380,4908,12
1544907409.2142065,-527,-1338,3105,12
1544907409.2305748,92,-1261,2870,12
1544907409.2467859,535,-1293,2237,12
1544907409.2594805,557,-1088,1684,12
1544907409.2758853,781,-950,1119,12
1544907409.2917209,891,-991,97,12
1544907409.3044353,608,-710,1798,12
1544907409.3207362,664,-1034,3155,12
1544907409.336874,252,-1084,5024,12
1544907409.349697,273,-1168,6094,12
1544907409.365786,355,-1136,5092,13
1544907409.3819,62,-1180,4270,13
1544907409.3947005,-459,-1130,5127,13
1544907409.4111385,-484,-1053,5158,13
1544907409.426839,-420,-987,4141,13
1544907409.4395618,-487,-877,2879,13
1544907409.4560597,-567,-841,3124,13
1544907409.472083,-888,-980,3986,13
1544907409.484818,-948,-837,5062,13
1544907409.5010264,-434,-1072,4680,13
1544907409.5169995,20,-1122,5170,13
1544907409.5298374,120,-1107,5830,13
1544907409.546268,73,-1272,5409,13
1544907409.562096,-228,-1070,4359,13
1544907409.5747402,-525,-888,3691,13
1544907409.5911424,-73,-989,3313,13
1544907409.6070309,6,-913,3954,13
1544907409.6199527,-272,-978,3481,13
1544907409.636141,-580,-798,4291,13
1544907409.6521783,-151,-1087,4047,13
1544907409.6649487,-437,-882,4962,14
1544907409.6814814,-202,-1177,4274,14
1544907409.697434,-411,-812,5575,14
1544907409.7100542,84,-1104,4070,14
1544907409.726443,-212,-779,4141,14
1544907409.7425036,-235,-851,3739,14
1544907409.7551637,-587,-947,3861,14
1544907409.7715814,-396,-866,3237,14
1544907409.7872925,26,-787,3686,14
1544907409.8002713,314,-1002,3920,14
1544907409.8166022,192,-1011,5318,14
1544907409.8326747,-214,-963,5981,14
1544907409.8450851,-188,-1007,4871,14
1544907409.861482,-135,-904,3816,14
1544907409.877748,-283,-888,3363,14
1544907409.8903666,-150,-887,2833,14
1544907409.9067366,-399,-815,2653,14
1544907409.922781,-668,-805,4308,14
1544907409.9351795,-606,-1000,5676,14
1544907409.9518661,-384,-1048,3979,14
1544907409.9678438,-201,-767,3776,14
1544907409.9805517,-365,-1052,5085,15
1544907409.9966671,-162,-991,5367,15
1544907410.0128255,44,-897,4274,15
1544907410.0254953,-386,-854,2838,15
1544907410.041668,-822,-789,2945,15
1544907410.0579379,-1040,-793,4714,15
1544907410.0703988,-501,-1056,5095,15
1544907410.0868783,-33,-853,3963,15
1544907410.103023,266,-862,2864,15
1544907410.1156933,301,-775,3595,15
1544907410.1319165,3,-1107,4956,15
1544907410.1479678,-395,-928,6044,15
1544907410.1604495,-468,-950,4379,15
1544907410.1764905,-489,-809,2711,15
1544907410.1931348,-452,-713,3123,15
1544907410.2054858,-580,-956,4381,15
1544907410.2220557,-431,-841,5293,15
1544907410.23805,-5,-965,3889,15
1544907410.2507014,130,-847,3750,15
1544907410.2669702,192,-945,4630,15
1544907410.2832556,-124,-1058,5439,15
1544907410.2958329,-445,-918,4955,15
1544907410.312381,-525,-816,4316,16
1544907410.3283494,-177,-881,3262,16
1544907410.340721,96,-774,3711,16
1544907410.3573005,-263,-910,4201,16
1544907410.3734343,-822,-839,4641,16
1544907410.38593,-784,-864,3727,16
1544907410.4022558,-640,-722,4319,16
1544907410.4182332,-551,-958,4782,16
1544907410.4309018,-206,-813,5126,16
1544907410.447438,394,-898,3479,16
1544907410.4634855,760,-821,3182,16
1544907410.4759758,317,-996,4530,16
1544907410.4923196,-269,-1023,5888,16
1544907410.5086596,-297,-1045,5732,16
1544907410.5211565,-225,-867,4085,16
1544907410.5375588,-291,-749,2712,16
1544907410.5534804,-353,-695,3234,16
1544907410.5659866,-504,-774,3931,16
1544907410.5825977,-484,-634,4408,16
1544907410.5987043,-265,-682,3662,16
1544907410.6115124,-41,-658,4526,16
1544907410.6274662,-37,-776,5116,16
1544907410.6436923,-201,-795,4732,16
1544907410.656418,-420,-708,4734,16
1544907410.672822,-422,-790,4819,16
1544907410.6888163,-314,-791,5106,17
1544907410.7012892,-155,-713,4415,17
1544907410.717637,74,-645,3239,17
1544907410.7337463,174,-673,2428,17
1544907410.7465727,-18,-536,4159,17
1544907410.762849,-76,-746,4432,17
1544907410.7789195,-304,-684,4895,17
1544907410.791508,-367,-786,4499,17
1544907410.8079972,-383,-712,4206,17
1544907410.8239849,-201,-791,4466,17
1544907410.8364685,-22,-826,5060,17
1544907410.8528976,87,-857,5426,17
1544907410.8689773,21,-851,4934,17
1544907410.8817642,142,-760,4171,17
1544907410.8979468,181,-883,4162,17
1544907410.9140232,-111,-821,3699,17
1544907410.926798,-201,-655,3052,17
1544907410.9432223,-576,-619,3192,17
1544907410.9592464,-756,-661,3453,17
1544907410.9717505,-518,-732,3462,17
1544907410.9881425,-476,-668,3270,17
1544907411.00433,-602,-602,3652,17
1544907411.016705,-421,-734,4945,17
1544907411.0331385,-207,-726,5195,17
1544907411.04921,-167,-789,4402,17
1544907411.0618718,-346,-743,4386,17
1544907411.0782511,-485,-839,5172,17
1544907411.094343,-180,-779,4962,18
1544907411.1068244,-47,-678,4110,18
1544907411.1232543,272,-728,3286,18
1544907411.139512,371,-720,3836,18
1544907411.1520548,91,-797,4110,18
1544907411.1685452,-305,-730,4961,18
1544907411.1844523,-600,-839,5121,18
1544907411.1969764,-919,-960,4886,18
1544907411.2135499,-791,-863,4755,18
1544907411.2297163,-140,-925,4158,18
1544907411.2420444,133,-853,4462,18
1544907411.2584405,681,-956,3838,18
1544907411.2747388,421,-862,4372,18
1544907411.2872229,-142,-931,4706,18
1544907411.3036292,-595,-935,5119,18
1544907411.3197594,-636,-892,5182,18
1544907411.3321326,-288,-931,4712,18
1544907411.3486896,-30,-875,3647,18
1544907411.3648298,-124,-756,3375,18
1544907411.3773706,-13,-812,3549,18
1544907411.3940177,-248,-928,4674,18
1544907411.409653,-235,-971,5063,18
1544907411.422331,-95,-931,4434,18
1544907411.4387329,41,-897,3924,18
1544907411.454773,86,-869,4382,18
1544907411.4673538,-98,-844,4810,18
1544907411.4837255,-217,-857,4466,18
1544907411.5000963,-190,-831,4002,18
1544907411.5159392,-219,-801,3763,18
1544907411.5288532,-255,-797,4448,18
1544907411.545062,-109,-968,5080,19
1544907411.5575485,49,-873,4955,19
1544907411.5738716,253,-831,4347,19
1544907411.590071,-4,-917,4314,19
1544907411.6058922,-245,-837,4615,19
1544907411.6183,-365,-851,4236,19
1544907411.6349735,-405,-782,4312,19
1544907411.6512084,-497,-882,4756,19
1544907411.663948,-437,-869,5150,19
1544907411.6802187,-165,-944,4436,19
1544907411.6927347,360,-936,3722,19
1544907411.7091308,455,-906,3206,19
1544907411.7253735,543,-911,3937,19
1544907411.7412143,252,-1015,5302,19
1544907411.7540963,-209,-966,5942,19
1544907411.7703564,-472,-948,4888,19
1544907411.7863798,-308,-728,3819,19
1544907411.7994308,-139,-810,3443,19
1544907411.815351,-303,-822,3901,19
1544907411.831308,-358,-828,4695,19
1544907411.8443542,-5,-891,4408,19
1544907411.8606038,-32,-866,4149,19
1544907411.8761995,-399,-804,4967,19
1544907411.889294,-739,-772,5305,19
1544907411.9055934,-530,-843,4681,19
1544907411.921512,-150,-705,3907,19
1544907411.9344373,13,-682,3156,19
1544907411.9505,-185,-690,3637,19
1544907411.9665363,-18,-672,3957,19
1544907411.9794664,-36,-718,3958,19
1544907411.9957898,-195,-647,3951,19
1544907412.011573,-224,-745,3918,19
1544907412.0245676,-26,-843,4832,19
1544907412.0406976,-123,-854,5397,19
1544907412.0531917,17,-830,4903,19
1544907412.0695324,23,-849,4073,19
1544907412.0856345,-20,-806,4341,19
1544907412.1016266,-275,-802,4420,20
1544907412.1146777,-376,-781,4121,20
1544907412.130931,-187,-732,3461,20
1544907412.1467733,-141,-707,3563,20
1544907412.1595697,-94,-743,4570,20
1544907412.1758447,56,-824,5343,20
1544907412.1917841,243,-792,5175,20
1544907412.2046702,168,-822,4201,20
1544907412.2208579,35,-821,3985,20
1544907412.2367694,-205,-844,4374,20
1544907412.2499392,-315,-934,4738,20
1544907412.2661386,-337,-835,5286,20
1544907412.2820802,-146,-873,4582,20
1544907412.29473,-28,-795,3648,20
1544907412.3109927,-29,-715,3124,20
1544907412.3269687,-251,-749,3215,20
1544907412.3400712,-472,-795,4372,20
1544907412.3562686,-668,-823,4757,20
1544907412.3721964,-583,-809,4528,20
1544907412.3849869,-388,-775,4894,20
1544907412.4013288,-298,-854,4530,20
1544907412.41709,-202,-696,4590,20
1544907412.4299822,-58,-736,4451,20
1544907412.4458866,-83,-863,4742,20
1544907412.461933,-68,-838,4706,20
1544907412.4745417,-197,-859,3732,20
1544907412.4911394,-354,-693,4269,20
1544907412.5071995,-396,-860,4353,20
1544907412.5202146,-504,-761,4087,20
1544907412.5363584,-394,-652,3165,20
1544907412.552256,-227,-630,3521,20
1544907412.56512,-110,-794,4943,20
1544907412.5815084,327,-809,5395,20
1544907412.5974517,705,-794,4692,20
1544907412.610425,562,-797,4570,20
1544907412.626524,0,-802,4795,20
1544907412.6423945,-429,-810,4521,20
1544907412.6552901,-610,-783,4300,20
1544907412.6716838,-492,-834,4093,20
1544907412.687592,-364,-897,4351,20
1544907412.7006235,-183,-903,4811,20
1544907412.7165754,23,-906,4654,20
1544907412.7326164,240,-886,4249,20
1544907412.745571,185,-891,4060,20
1544907412.7618835,-65,-900,4247,20
1544907412.7778244,-240,-874,4605,20
1544907412.7905881,-222,-841,4537,20
1544907412.8067286,-51,-850,4039,20
1544907412.822668,-107,-825,4074,20
1544907412.8354728,-346,-865,4359,20
1544907412.8519204,-349,-808,4447,20
1544907412.867744,-235,-822,4401,21
1544907412.8806257,-102,-828,4275,21
1544907412.8970447,-67,-831,4479,21
1544907412.9130182,-44,-841,4664,21
1544907412.9256256,100,-849,4244,21
1544907412.9419312,164,-767,3998,21
1544907412.957963,13,-813,4142,21
1544907412.970791,-124,-783,4495,21
1544907412.987179,-279,-766,4412,21
1544907413.0031629,-237,-751,4420,21
1544907413.0158923,-215,-820,4482,21
1544907413.0321953,-196,-803,4343,21
1544907413.048182,-37,-828,4358,21
1544907413.0610776,121,-878,4655,21
1544907413.0771072,213,-887,4757,21
1544907413.0932302,150,-914,4946,21
1544907413.1060157,-21,-972,5002,21
1544907413.1223779,-205,-959,4620,21
1544907413.138286,-157,-948,4086,21
1544907413.1509979,-16,-919,3971,21
1544907413.1672304,130,-882,3921,21
1544907413.1832812,232,-875,4111,21
1544907413.1960006,228,-846,4391,21
1544907413.2123048,127,-822,4418,21
1544907413.2284048,-25,-800,4309,21
1544907413.2412062,-294,-791,4412,21
1544907413.257593,-470,-809,4395,21
1544907413.2733793,-456,-823,4337,21
1544907413.2861652,-289,-826,4177,21
1544907413.3024154,-147,-804,4190,21
1544907413.3184896,-78,-794,4301,21
1544907413.3311882,-56,-795,4344,21
1544907413.347494,-39,-759,4401,21
1544907413.3634157,-3,-781,4495,21
1544907413.376429,21,-786,4472,21
1544907413.3926985,-18,-763,4329,21
1544907413.4087214,-62,-768,4412,21
1544907413.4213033,-88,-793,4601,21
1544907413.4377093,-80,-798,4628,21
1544907413.4537442,-22,-785,4502,21
1544907413.4666247,3,-798,4384,21
1544907413.4826932,-30,-801,4346,21
1544907413.4986641,-121,-799,4340,21
1544907413.5116236,-204,-809,4419,21
1544907413.5279326,-224,-810,4548,21
1544907413.5438082,-176,-813,4468,21
1544907413.556588,-106,-801,4310,21
1544907413.5728498,-55,-791,4204,21
1544907413.5889037,-36,-777,4171,21
1544907413.601652,-26,-760,4278,21
1544907413.617976,-3,-753,4412,21
1544907413.6337833,6,-735,4462,21
1544907413.646799,24,-702,4423,21
1544907413.663121,11,-683,4273,21
1544907413.6790583,-33,-652,4194,21
1544907413.6920066,-88,-618,4202,21
1544907413.7080348,-143,-599,4354,21
1544907413.7240994,-158,-601,4498,21
1544907413.7369227,-104,-596,4492,21
1544907413.7532442,-28,-596,4403,21
1544907413.7690952,-1,-604,4383,21
1544907413.781832,-42,-611,4361,21
1544907413.798285,-141,-617,4289,21
1544907413.814296,-241,-602,4251,21
1544907413.8271787,-292,-609,4290,21
1544907413.8435051,-228,-627,4369,21
1544907413.8592992,-91,-641,4374,21
1544907413.872042,21,-643,4370,21
1544907413.8883612,93,-643,4426,21
1544907413.9041588,129,-650,4482,21
1544907413.917001,110,-647,4451,21
1544907413.9334881,27,-649,4386,21
1544907413.949462,-81,-661,4367,21
1544907413.9622948,-153,-668,4371,21
1544907413.978559,-153,-679,4360,21
1544907413.9944563,-84,-700,4372,21
1544907414.007287,-35,-717,4359,21
1544907414.0234935,-38,-728,4346,21
1544907414.0395424,-63,-743,4341,21
1544907414.052245,-77,-747,4367,21
1544907414.0684657,-67,-744,4376,21
1544907414.0845945,-46,-735,4362,21
1544907414.0974677,-35,-731,4357,21
1544907414.1136167,-33,-728,4378,21
1544907414.129576,-40,-727,4384,21
1544907414.1424642,-55,-728,4368,21
1544907414.1586766,-62,-718,4358,21
1544907414.1746519,-71,-714,4361,21
1544907414.1873226,-79,-707,4362,21
1544907414.2037044,-87,-693,4359,21
1544907414.2197366,-91,-681,4359,21
1544907414.2326777,-86,-665,4364,21
1544907414.2489686,-86,-654,4370,21
1544907414.264755,-81,-646,4371,21
1544907414.277571,-71,-637,4379,21
1544907414.293886,-64,-631,4380,21
1544907414.3099718,-68,-625,4371,21
1544907414.3225446,-68,-619,4362,21
1544907414.338974,-75,-605,4369,21
1544907414.3549964,-78,-592,4379,21
1544907414.3679206,-85,-577,4381,21
1544907414.384351,-81,-555,4384,21
1544907414.400114,-78,-536,4383,21
1544907414.4126964,-74,-516,4382,21
1544907414.4292948,-71,-497,4390,21
1544907414.445125,-71,-480,4383,21
1544907414.457951,-73,-462,4384,21
1544907414.4742036,-62,-443,4383,21
1544907414.4900606,-56,-440,4381,21
1544907414.5028105,-55,-423,4375,21
1544907414.519263,-57,-408,4367,21
1544907414.5351393,-67,-403,4367,21
1544907414.5478961,-68,-389,4373,21
1544907414.564333,-66,-384,4377,21
1544907414.5802252,-65,-377,4376,21
1544907414.5931141,-68,-377,4380,21
1544907414.6094177,-67,-369,4382,21
1544907414.625203,-68,-358,4375,21
1544907414.6380467,-62,-358,4374,21
1544907414.6544585,-59,-358,4379,21
1544907414.6703231,-58,-364,4387,21
1544907414.6832616,-63,-357,4378,21
1544907414.699627,-57,-363,4371,21
1544907414.715528,-54,-364,4373,21
1544907414.7282417,-59,-366,4366,21
1544907414.7444756,-59,-376,4368,21
1544907414.7604878,-60,-381,4377,21
1544907414.7733061,-60,-384,4381,21
1544907414.7896755,-59,-395,4383,21
1544907414.8056514,-60,-401,4387,21
1544907414.818242,-64,-408,4389,21
1544907414.834625,-61,-416,4386,21
1544907414.8504717,-66,-423,4386,21
1544907414.8632667,-66,-431,4388,21
1544907414.8799021,-60,-438,4381,21
1544907414.8956406,-67,-449,4386,21
1544907414.9085069,-71,-461,4385,21
1544907414.9248724,-67,-471,4377,21
1544907414.9408784,-67,-476,4375,21
1544907414.9533951,-67,-483,4380,21
1544907414.9699447,-70,-497,4380,21
1544907414.9858332,-75,-499,4381,21
1544907414.9986165,-71,-502,4379,21
1544907415.0151646,-70,-505,4379,21
1544907415.0308805,-71,-510,4378,21
1544907415.0435965,-69,-513,4376,21
1544907415.0602038,-68,-508,4370,21
1544907415.076051,-70,-510,4373,21
1544907415.0887766,-70,-515,4379,21
1544907415.1049976,-74,-516,4385,21
1544907415.1210916,-72,-514,4379,21
1544907415.1338782,-65,-513,4376,21
1544907415.1502633,-61,-511,4378,21
1544907415.1659992,-57,-507,4376,21
1544907415.1787546,-54,-503,4374,21
1544907415.1950815,-50,-500,4369,21
1544907415.2112288,-52,-504,4371,21
1544907415.224006,-53,-505,4365,21
1544907415.2403972,-56,-503,4371,21
1544907415.2564273,-60,-506,4378,21
1544907415.2689767,-58,-508,4382,21
1544907415.285589,-62,-513,4381,21
1544907415.3015144,-58,-515,4389,21
1544907415.3139422,-56,-518,4391,21
1544907415.330525,-59,-517,4386,21
1544907415.3464916,-63,-523,4379,21
1544907415.3592308,-64,-530,4376,21
1544907415.3754368,-63,-533,4375,21
1544907415.3913891,-64,-530,4377,21
1544907415.4041488,-65,-529,4378,21
1544907415.4205396,-68,-532,4389,21
1544907415.4365695,-61,-535,4389,21
1544907415.4492397,-65,-532,4382,21
1544907415.4656823,-71,-539,4384,21
1544907415.481655,-68,-541,4382,21
1544907415.4944086,-68,-544,4383,21
1544907415.510614,-69,-540,4388,21
1544907415.526512,-70,-547,4388,21
1544907415.5393796,-64,-546,4388,21
1544907415.555751,-63,-542,4391,21
1544907415.5717845,-65,-545,4387,21
1544907415.5843258,-67,-542,4379,21
1544907415.600739,-64,-538,4377,21
1544907415.6169438,-63,-539,4382,21
1544907415.6295102,-59,-540,4385,21
1544907415.6459126,-61,-543,4380,21
1544907415.6619043,-59,-543,4380,21
1544907415.6745324,-57,-548,4386,21
1544907415.6909795,-56,-549,4384,21
1544907415.707009,-57,-550,4384,21
1544907415.7195635,-54,-549,4381,21
1544907415.7358067,-56,-553,4387,21
1544907415.7519865,-56,-556,4388,21
1544907415.7646403,-53,-552,4391,21
1544907415.7811632,-59,-554,4391,21
1544907415.7969058,-60,-553,4383,21
1544907415.809627,-67,-557,4382,21
1544907415.8261464,-65,-564,4394,21
1544907415.8421476,-66,-557,4398,21
1544907415.8547955,-61,-559,4397,21
1544907415.8712192,-67,-561,4389,21
1544907415.8871982,-68,-562,4386,21
1544907415.8999696,-65,-558,4388,21
1544907415.9164052,-60,-558,4396,21
1544907415.9321697,-57,-558,4401,21
1544907415.944725,-59,-560,4396,21
1544907415.9613016,-63,-556,4392,21
1544907415.9774241,-63,-563,4393,21
1544907415.9900503,-65,-567,4391,21
1544907416.0061932,-63,-572,4395,21
1544907416.022297,-62,-572,4392,21
1544907416.034462,-61,-573,4389,21
1544907416.0514405,-59,-571,4388,21
1544907416.0674224,-59,-571,4395,21
1544907416.0801141,-60,-569,4397,21
1544907416.096594,-59,-571,4394,21
1544907416.1125586,-63,-575,4393,21
1544907416.1252294,-60,-576,4379,21
1544907416.14161,-62,-569,4379,21
1544907416.1574814,-66,-571,4386,21
1544907416.1701403,-64,-578,4385,21
1544907416.1865175,-60,-575,4384,21
1544907416.2025895,-63,-575,4386,21
1544907416.215225,-59,-576,4384,21
1544907416.23157,-59,-574,4380,21
1544907416.2476933,-62,-574,4383,21
1544907416.260413,-61,-580,4386,21
1544907416.2768931,-56,-583,4386,21
1544907416.2928302,-61,-580,4390,21
1544907416.3054512,-63,-581,4389,21
1544907416.3217995,-59,-580,4390,21
1544907416.337873,-58,-583,4387,21
1544907416.3506284,-57,-581,4381,21
1544907416.366791,-63,-579,4383,21
1544907416.3830287,-59,-580,4384,21
1544907416.3956244,-61,-579,4378,21
1544907416.412036,-64,-579,4376,21
1544907416.4279616,-64,-587,4375,21
1544907416.440492,-60,-586,4378,21
1544907416.4570606,-57,-587,4388,21
1544907416.47308,-56,-590,4390,21
1544907416.4858353,-55,-588,4390,21
1544907416.5019872,-56,-587,4394,21
1544907416.5179708,-56,-586,4395,21
1544907416.5306666,-58,-587,4393,21
1544907416.5471957,-62,-581,4397,21
1544907416.563095,-63,-583,4390,21
1544907416.5756688,-59,-585,4389,21
1544907416.5921464,-55,-583,4384,21
1544907416.6082335,-52,-586,4384,21
1544907416.620746,-47,-584,4387,21
1544907416.6370134,-54,-585,4393,21
1544907416.6534195,-51,-591,4393,21
1544907416.6660073,-51,-589,4397,21
1544907416.6823337,-54,-586,4387,21
1544907416.6983726,-54,-579,4386,21
1544907416.7109365,-59,-583,4393,21
1544907416.7272696,-53,-582,4400,21
1544907416.7435424,-53,-580,4393,21
1544907416.756098,-54,-584,4387,21
1544907416.7723641,-63,-587,4385,21
1544907416.7883701,-64,-589,4378,21
1544907416.801104,-57,-590,4389,21
1544907416.8173742,-63,-597,4393,21
1544907416.83343,-70,-599,4395,21
1544907416.8460152,-68,-599,4395,21
1544907416.8624635,-65,-598,4393,21
1544907416.8786933,-64,-598,4387,21
1544907416.8912835,-62,-599,4382,21
1544907416.9077115,-65,-597,4384,21
1544907416.923601,-62,-592,4386,21
1544907416.936117,-59,-587,4385,21
1544907416.9525726,-61,-588,4384,21
1544907416.9687572,-66,-590,4387,21
1544907416.98156,-69,-585,4388,21
1544907416.9977515,-66,-581,4390,21
1544907417.0137506,-63,-590,4387,21
1544907417.0262604,-56,-592,4386,21
1544907417.0428042,-56,-593,4389,21
1544907417.0588958,-51,-589,4390,21
1544907417.0714028,-51,-594,4391,21
1544907417.087816,-47,-597,4394,21
1544907417.1038072,-50,-593,4390,21
1544907417.1165688,-48,-597,4393,21
1544907417.132959,-53,-593,4391,21
1544907417.1490874,-51,-600,4398,21
1544907417.1614034,-59,-595,4392,21
1544907417.177859,-65,-595,4389,21
1544907417.1939945,-60,-598,4388,21
1544907417.2067418,-61,-597,4393,21
1544907417.222937,-63,-599,4390,21
1544907417.2392309,-62,-596,4394,21
1544907417.251809,-62,-597,4390,21
1544907417.2679853,-66,-593,4388,21
1544907417.284133,-63,-594,4379,21
1544907417.2968879,-62,-594,4383,21
1544907417.313342,-59,-599,4378,21
1544907417.329378,-63,-597,4374,21
1544907417.341926,-59,-597,4378,21
1544907417.358227,-58,-598,4378,21
1544907417.374329,-57,-602,4376,21
1544907417.3869364,-54,-600,4379,21
1544907417.403226,-54,-595,4387,21
1544907417.4193134,-53,-600,4382,21
1544907417.4319882,-56,-600,4388,21
1544907417.4483497,-62,-605,4392,21
1544907417.4645462,-64,-600,4393,21
1544907417.477031,-57,-598,4393,21
1544907417.493376,-58,-597,4394,21
1544907417.5096118,-57,-596,4388,21
1544907417.5220933,-56,-602,4385,21
1544907417.5385296,-57,-603,4386,21
1544907417.5545764,-54,-599,4394,21
1544907417.5673594,-69,-613,4401,21
1544907417.5836434,-109,-644,4410,21
1544907417.5998092,-132,-685,4388,21
1544907417.612298,-106,-733,4376,21
1544907417.628486,-40,-771,4393,21
1544907417.6447575,5,-788,4413,21
1544907417.6571434,15,-793,4410,21
1544907417.673607,0,-762,4394,21
1544907417.68984,-32,-716,4367,21
1544907417.7022588,-73,-657,4356,21
1544907417.718727,-102,-610,4353,21
1544907417.7348943,-100,-571,4371,21
1544907417.74744,-65,-540,4393,21
1544907417.7637696,-17,-510,4399,21
1544907417.7797914,4,-473,4377,21
1544907417.792493,-15,-447,4370,21
1544907417.8087158,-64,-422,4374,21
1544907417.825086,-102,-409,4388,21
1544907417.8374257,-87,-406,4393,21
1544907417.8538618,-44,-412,4394,21
1544907417.8700407,-9,-424,4395,21
1544907417.8825727,-1,-444,4404,21
1544907417.8989813,-19,-466,4397,21
1544907417.915119,-52,-486,4389,21
1544907417.9276068,-70,-507,4393,21
1544907417.9438882,-80,-531,4397,21
1544907417.960229,-78,-556,4382,21
1544907417.9726892,-75,-576,4386,21
1544907417.9889631,-64,-591,4386,21
1544907418.0052297,-59,-609,4389,21
1544907418.0175526,-57,-627,4396,21
1544907418.0341,-52,-645,4394,21
1544907418.0502179,-52,-658,4392,21
1544907418.062828,-54,-667,4393,21
1544907418.0790775,-59,-683,4390,21
1544907418.0954137,-58,-690,4384,21
1544907418.1078537,-59,-696,4388,21
1544907418.1242437,-66,-692,4391,21
1544907418.1403828,-68,-689,4385,21
1544907418.1529183,-70,-682,4390,21
1544907418.1687937,-71,-672,4394,21
1544907418.1852546,-66,-667,4400,21
1544907418.1979911,-51,-662,4400,21
1544907418.214368,-45,-648,4390,21
1544907418.2306015,-46,-638,4388,21
1544907418.2429507,-57,-626,4386,21
1544907418.2593665,-68,-612,4396,21
1544907418.2756395,-70,-603,4394,21
1544907418.288117,-62,-589,4377,21
1544907418.3045607,-50,-576,4365,21
1544907418.32068,-53,-570,4373,21
1544907418.3330996,-58,-568,4393,21
1544907418.3495648,-60,-567,4390,21
1544907418.3655243,-58,-566,4386,21
1544907418.3815036,-57,-570,4384,21
1544907418.394554,-60,-569,4390,21
1544907418.4108217,-58,-574,4394,21
1544907418.4267535,-58,-580,4389,21
1544907418.4396927,-60,-580,4389,21
1544907418.455829,-62,-590,4387,21
1544907418.4716954,-66,-597,4388,21
1544907418.4846911,-67,-608,4391,21
1544907418.5009935,-68,-620,4388,21
1544907418.5167813,-70,-623,4385,21
1544907418.5298133,-69,-626,4381,21
1544907418.5460773,-61,-633,4387,21
1544907418.5618203,-52,-635,4384,21
